Date,Product_ID,Product_Name,Category,Store_ID,Inventory_Level,Units_Sold,Units_Ordered,Supplier_Lead_Time,Price,Discount_Percent,Promotion,Demand_Forecast
2026-01-01,P001,Laptop,Electronics,S001,42,8,20,5,250000,5,1,10
2026-01-02,P001,Laptop,Electronics,S002,35,6,15,6,250000,0,0,8
2026-01-03,P001,Laptop,Electronics,S003,28,9,20,7,250000,10,1,11
2026-01-04,P001,Laptop,Electronics,S004,51,5,15,5,250000,0,0,7
2026-01-05,P001,Laptop,Electronics,S001,34,7,20,5,250000,5,1,9
2026-01-06,P001,Laptop,Electronics,S002,26,10,25,6,250000,15,1,13
2026-01-07,P001,Laptop,Electronics,S003,45,4,10,7,250000,0,0,6
2026-01-08,P001,Laptop,Electronics,S004,31,8,20,5,250000,5,1,10
2026-01-09,P001,Laptop,Electronics,S001,24,11,30,5,250000,10,1,14
2026-01-10,P001,Laptop,Electronics,S002,48,5,15,6,250000,0,0,7
2026-01-11,P001,Laptop,Electronics,S003,37,7,20,7,250000,5,1,9
2026-01-12,P001,Laptop,Electronics,S004,22,12,30,5,250000,15,1,15
2026-01-13,P001,Laptop,Electronics,S001,40,6,15,5,250000,0,0,8
2026-01-14,P001,Laptop,Electronics,S002,29,9,25,6,250000,10,1,12
2026-01-15,P001,Laptop,Electronics,S003,53,4,10,7,250000,0,0,6
2026-01-16,P001,Laptop,Electronics,S004,33,8,20,5,250000,5,1,10
2026-01-17,P001,Laptop,Electronics,S001,21,13,30,5,250000,15,1,16
2026-01-18,P001,Laptop,Electronics,S002,44,5,15,6,250000,0,0,7
2026-01-19,P001,Laptop,Electronics,S003,32,9,25,7,250000,10,1,12
2026-01-20,P001,Laptop,Electronics,S004,27,10,25,5,250000,5,1,13
2026-01-01,P002,Keyboard,Accessories,S001,85,18,40,4,7500,0,0,20
2026-01-02,P002,Keyboard,Accessories,S002,72,22,50,5,7500,5,1,25
2026-01-03,P002,Keyboard,Accessories,S003,61,15,30,4,7500,0,0,17
2026-01-04,P002,Keyboard,Accessories,S004,94,12,25,6,7500,10,1,15
2026-01-05,P002,Keyboard,Accessories,S001,68,25,50,4,7500,15,1,29
2026-01-06,P002,Keyboard,Accessories,S002,55,19,40,5,7500,5,1,22
2026-01-07,P002,Keyboard,Accessories,S003,81,13,30,4,7500,0,0,15
2026-01-08,P002,Keyboard,Accessories,S004,63,24,50,6,7500,10,1,27
2026-01-09,P002,Keyboard,Accessories,S001,49,27,60,4,7500,15,1,32
2026-01-10,P002,Keyboard,Accessories,S002,76,16,35,5,7500,0,0,18
2026-01-11,P002,Keyboard,Accessories,S003,58,21,45,4,7500,5,1,24
2026-01-12,P002,Keyboard,Accessories,S004,91,14,30,6,7500,0,0,16
2026-01-13,P002,Keyboard,Accessories,S001,46,28,60,4,7500,10,1,33
2026-01-14,P002,Keyboard,Accessories,S002,69,18,40,5,7500,5,1,22
2026-01-15,P002,Keyboard,Accessories,S003,83,11,25,4,7500,0,0,13
2026-01-16,P002,Keyboard,Accessories,S004,57,23,50,6,7500,15,1,28
2026-01-17,P002,Keyboard,Accessories,S001,73,17,35,4,7500,5,1,21
2026-01-18,P002,Keyboard,Accessories,S002,52,26,55,5,7500,10,1,31
2026-01-19,P002,Keyboard,Accessories,S003,88,12,25,4,7500,0,0,14
2026-01-20,P002,Keyboard,Accessories,S004,64,20,45,6,7500,5,1,24
2026-01-01,P003,Mouse,Accessories,S001,110,25,50,3,3500,0,0,27
2026-01-02,P003,Mouse,Accessories,S002,95,31,60,4,3500,5,1,35
2026-01-03,P003,Mouse,Accessories,S003,82,21,45,3,3500,0,0,23
2026-01-04,P003,Mouse,Accessories,S004,125,18,40,5,3500,10,1,22
2026-01-05,P003,Mouse,Accessories,S001,76,34,70,3,3500,15,1,40
2026-01-06,P003,Mouse,Accessories,S002,91,27,55,4,3500,5,1,31
2026-01-07,P003,Mouse,Accessories,S003,105,19,40,3,3500,0,0,21
2026-01-08,P003,Mouse,Accessories,S004,68,36,75,5,3500,10,1,42
2026-01-09,P003,Mouse,Accessories,S001,73,39,80,3,3500,15,1,46
2026-01-10,P003,Mouse,Accessories,S002,101,22,45,4,3500,0,0,25
2026-01-11,P003,Mouse,Accessories,S003,84,29,60,3,3500,5,1,33
2026-01-12,P003,Mouse,Accessories,S004,117,17,35,5,3500,0,0,20
2026-01-13,P003,Mouse,Accessories,S001,63,41,85,3,3500,10,1,48
2026-01-14,P003,Mouse,Accessories,S002,89,26,55,4,3500,5,1,31
2026-01-15,P003,Mouse,Accessories,S003,108,16,35,3,3500,0,0,19
2026-01-16,P003,Mouse,Accessories,S004,78,33,70,5,3500,15,1,39
2026-01-17,P003,Mouse,Accessories,S001,96,24,50,3,3500,5,1,29
2026-01-18,P003,Mouse,Accessories,S002,70,37,75,4,3500,10,1,44
2026-01-19,P003,Mouse,Accessories,S003,115,18,40,3,3500,0,0,21
2026-01-20,P003,Mouse,Accessories,S004,86,30,60,5,3500,5,1,35
2026-01-01,P004,Monitor,Electronics,S001,35,7,15,7,65000,0,0,8
2026-01-02,P004,Monitor,Electronics,S002,28,9,20,8,65000,5,1,11
2026-01-03,P004,Monitor,Electronics,S003,42,5,15,6,65000,0,0,6
2026-01-04,P004,Monitor,Electronics,S004,24,11,25,7,65000,10,1,14
2026-01-05,P004,Monitor,Electronics,S001,31,8,20,7,65000,5,1,10
2026-01-06,P004,Monitor,Electronics,S002,19,13,30,8,65000,15,1,17
2026-01-07,P004,Monitor,Electronics,S003,46,4,10,6,65000,0,0,5
2026-01-08,P004,Monitor,Electronics,S004,27,10,25,7,65000,5,1,13
2026-01-09,P004,Monitor,Electronics,S001,22,12,30,7,65000,10,1,15
2026-01-10,P004,Monitor,Electronics,S002,38,6,15,8,65000,0,0,7
2026-01-11,P004,Monitor,Electronics,S003,29,9,20,6,65000,5,1,11
2026-01-12,P004,Monitor,Electronics,S004,18,14,30,7,65000,15,1,18
2026-01-13,P004,Monitor,Electronics,S001,41,5,15,7,65000,0,0,6
2026-01-14,P004,Monitor,Electronics,S002,25,11,25,8,65000,10,1,14
2026-01-15,P004,Monitor,Electronics,S003,37,7,15,6,65000,5,1,9
2026-01-16,P004,Monitor,Electronics,S004,21,13,30,7,65000,15,1,16
2026-01-17,P004,Monitor,Electronics,S001,34,8,20,7,65000,5,1,10
2026-01-18,P004,Monitor,Electronics,S002,23,12,25,8,65000,10,1,15
2026-01-19,P004,Monitor,Electronics,S003,45,4,10,6,65000,0,0,5
2026-01-20,P004,Monitor,Electronics,S004,30,9,20,7,65000,5,1,11
2026-01-01,P005,Printer,Office_Equipment,S001,30,5,15,6,55000,0,0,6
2026-01-02,P005,Printer,Office_Equipment,S002,24,7,20,7,55000,5,1,9
2026-01-03,P005,Printer,Office_Equipment,S003,18,9,20,5,55000,10,1,11
2026-01-04,P005,Printer,Office_Equipment,S004,37,4,10,8,55000,0,0,5
2026-01-05,P005,Printer,Office_Equipment,S001,21,8,20,6,55000,15,1,10
2026-01-06,P005,Printer,Office_Equipment,S002,16,11,25,7,55000,10,1,14
2026-01-07,P005,Printer,Office_Equipment,S003,33,5,15,5,55000,0,0,6
2026-01-08,P005,Printer,Office_Equipment,S004,20,9,20,8,55000,5,1,11
2026-01-09,P005,Printer,Office_Equipment,S001,14,12,30,6,55000,15,1,15
2026-01-10,P005,Printer,Office_Equipment,S002,29,6,15,7,55000,0,0,7
2026-01-11,P005,Printer,Office_Equipment,S003,22,8,20,5,55000,5,1,10
2026-01-12,P005,Printer,Office_Equipment,S004,15,13,30,8,55000,15,1,16
2026-01-13,P005,Printer,Office_Equipment,S001,35,4,10,6,55000,0,0,5
2026-01-14,P005,Printer,Office_Equipment,S002,19,10,25,7,55000,10,1,13
2026-01-15,P005,Printer,Office_Equipment,S003,27,6,15,5,55000,5,1,8
2026-01-16,P005,Printer,Office_Equipment,S004,17,11,25,8,55000,15,1,14
2026-01-17,P005,Printer,Office_Equipment,S001,25,7,20,6,55000,5,1,9
2026-01-18,P005,Printer,Office_Equipment,S002,13,14,30,7,55000,15,1,17
2026-01-19,P005,Printer,Office_Equipment,S003,31,5,15,5,55000,0,0,6
2026-01-20,P005,Printer,Office_Equipment,S004,23,8,20,8,55000,5,1,10
2026-01-01,P006,Headset,Accessories,S001,70,16,35,4,12000,0,0,18
2026-01-02,P006,Headset,Accessories,S002,58,21,45,5,12000,5,1,24
2026-01-03,P006,Headset,Accessories,S003,47,14,30,4,12000,0,0,16
2026-01-04,P006,Headset,Accessories,S004,83,11,25,6,12000,10,1,14
2026-01-05,P006,Headset,Accessories,S001,52,23,50,4,12000,15,1,27
2026-01-06,P006,Headset,Accessories,S002,43,18,40,5,12000,5,1,21
2026-01-07,P006,Headset,Accessories,S003,66,12,25,4,12000,0,0,14
2026-01-08,P006,Headset,Accessories,S004,49,26,55,6,12000,10,1,30
2026-01-09,P006,Headset,Accessories,S001,38,29,60,4,12000,15,1,34
2026-01-10,P006,Headset,Accessories,S002,61,15,35,5,12000,0,0,17
2026-01-11,P006,Headset,Accessories,S003,45,20,45,4,12000,5,1,23
2026-01-12,P006,Headset,Accessories,S004,76,13,30,6,12000,0,0,15
2026-01-13,P006,Headset,Accessories,S001,34,30,65,4,12000,10,1,36
2026-01-14,P006,Headset,Accessories,S002,55,19,40,5,12000,5,1,23
2026-01-15,P006,Headset,Accessories,S003,69,10,25,4,12000,0,0,12
2026-01-16,P006,Headset,Accessories,S004,42,24,50,6,12000,15,1,29
2026-01-17,P006,Headset,Accessories,S001,63,17,35,4,12000,5,1,20
2026-01-18,P006,Headset,Accessories,S002,40,28,60,5,12000,10,1,34
2026-01-19,P006,Headset,Accessories,S003,74,12,25,4,12000,0,0,14
2026-01-20,P006,Headset,Accessories,S004,51,22,45,6,12000,5,1,26
2026-01-01,P007,Webcam,Accessories,S001,55,10,25,5,18000,0,0,12
2026-01-02,P007,Webcam,Accessories,S002,44,13,30,6,18000,5,1,16
2026-01-03,P007,Webcam,Accessories,S003,37,8,20,5,18000,0,0,10
2026-01-04,P007,Webcam,Accessories,S004,62,7,15,7,18000,10,1,9
2026-01-05,P007,Webcam,Accessories,S001,41,15,35,5,18000,15,1,18
2026-01-06,P007,Webcam,Accessories,S002,33,12,30,6,18000,5,1,15
2026-01-07,P007,Webcam,Accessories,S003,51,7,15,5,18000,0,0,9
2026-01-08,P007,Webcam,Accessories,S004,36,16,35,7,18000,10,1,19
2026-01-09,P007,Webcam,Accessories,S001,29,18,40,5,18000,15,1,22
2026-01-10,P007,Webcam,Accessories,S002,48,9,20,6,18000,0,0,11
2026-01-11,P007,Webcam,Accessories,S003,34,14,30,5,18000,5,1,17
2026-01-12,P007,Webcam,Accessories,S004,58,8,20,7,18000,0,0,10
2026-01-13,P007,Webcam,Accessories,S001,25,19,40,5,18000,10,1,23
2026-01-14,P007,Webcam,Accessories,S002,42,13,30,6,18000,5,1,16
2026-01-15,P007,Webcam,Accessories,S003,54,7,15,5,18000,0,0,9
2026-01-16,P007,Webcam,Accessories,S004,31,17,35,7,18000,15,1,21
2026-01-17,P007,Webcam,Accessories,S001,46,11,25,5,18000,5,1,14
2026-01-18,P007,Webcam,Accessories,S002,28,20,45,6,18000,10,1,24
2026-01-19,P007,Webcam,Accessories,S003,59,8,20,5,18000,0,0,10
2026-01-20,P007,Webcam,Accessories,S004,39,15,30,7,18000,5,1,18
2026-01-01,P008,Router,Networking,S001,48,9,20,6,14500,0,0,11
2026-01-02,P008,Router,Networking,S002,36,12,30,7,14500,5,1,15
2026-01-03,P008,Router,Networking,S003,29,7,15,6,14500,0,0,9
2026-01-04,P008,Router,Networking,S004,57,6,15,8,14500,10,1,8
2026-01-05,P008,Router,Networking,S001,34,14,30,6,14500,15,1,17
2026-01-06,P008,Router,Networking,S002,27,11,25,7,14500,5,1,14
2026-01-07,P008,Router,Networking,S003,45,6,15,6,14500,0,0,8
2026-01-08,P008,Router,Networking,S004,31,15,35,8,14500,10,1,18
2026-01-09,P008,Router,Networking,S001,24,17,40,6,14500,15,1,21
2026-01-10,P008,Router,Networking,S002,41,8,20,7,14500,0,0,10
2026-01-11,P008,Router,Networking,S003,30,13,30,6,14500,5,1,16
2026-01-12,P008,Router,Networking,S004,52,7,20,8,14500,0,0,9
2026-01-13,P008,Router,Networking,S001,22,18,40,6,14500,10,1,22
2026-01-14,P008,Router,Networking,S002,35,12,25,7,14500,5,1,15
2026-01-15,P008,Router,Networking,S003,49,6,15,6,14500,0,0,8
2026-01-16,P008,Router,Networking,S004,28,16,35,8,14500,15,1,20
2026-01-17,P008,Router,Networking,S001,38,10,25,6,14500,5,1,13
2026-01-18,P008,Router,Networking,S002,21,19,45,7,14500,10,1,23
2026-01-19,P008,Router,Networking,S003,55,7,15,6,14500,0,0,9
2026-01-20,P008,Router,Networking,S004,33,14,30,8,14500,5,1,17
2026-01-01,P009,USB_Drive,Storage,S001,120,28,60,3,4500,0,0,31
2026-01-02,P009,USB_Drive,Storage,S002,105,35,70,4,4500,5,1,40
2026-01-03,P009,USB_Drive,Storage,S003,91,24,50,3,4500,0,0,27
2026-01-04,P009,USB_Drive,Storage,S004,135,20,45,5,4500,10,1,24
2026-01-05,P009,USB_Drive,Storage,S001,82,39,80,3,4500,15,1,46
2026-01-06,P009,USB_Drive,Storage,S002,97,31,65,4,4500,5,1,36
2026-01-07,P009,USB_Drive,Storage,S003,114,22,45,3,4500,0,0,25
2026-01-08,P009,USB_Drive,Storage,S004,75,41,85,5,4500,10,1,48
2026-01-09,P009,USB_Drive,Storage,S001,68,44,90,3,4500,15,1,52
2026-01-10,P009,USB_Drive,Storage,S002,110,26,55,4,4500,0,0,29
2026-01-11,P009,USB_Drive,Storage,S003,93,34,70,3,4500,5,1,39
2026-01-12,P009,USB_Drive,Storage,S004,128,19,40,5,4500,0,0,23
2026-01-13,P009,USB_Drive,Storage,S001,61,46,95,3,4500,10,1,54
2026-01-14,P009,USB_Drive,Storage,S002,101,30,65,4,4500,5,1,35
2026-01-15,P009,USB_Drive,Storage,S003,118,21,45,3,4500,0,0,24
2026-01-16,P009,USB_Drive,Storage,S004,79,38,80,5,4500,15,1,45
2026-01-17,P009,USB_Drive,Storage,S001,104,27,55,3,4500,5,1,32
2026-01-18,P009,USB_Drive,Storage,S002,73,43,90,4,4500,10,1,51
2026-01-19,P009,USB_Drive,Storage,S003,130,20,45,3,4500,0,0,24
2026-01-20,P009,USB_Drive,Storage,S004,88,36,75,5,4500,5,1,42
2026-01-01,P010,External_HDD,Storage,S001,52,11,25,5,28000,0,0,13
2026-01-02,P010,External_HDD,Storage,S002,43,15,30,6,28000,5,1,18
2026-01-03,P010,External_HDD,Storage,S003,35,9,20,5,28000,0,0,11
2026-01-04,P010,External_HDD,Storage,S004,64,7,15,7,28000,10,1,9
2026-01-05,P010,External_HDD,Storage,S001,39,17,35,5,28000,15,1,20
2026-01-06,P010,External_HDD,Storage,S002,31,13,30,6,28000,5,1,16
2026-01-07,P010,External_HDD,Storage,S003,55,8,20,5,28000,0,0,10
2026-01-08,P010,External_HDD,Storage,S004,37,18,40,7,28000,10,1,22
2026-01-09,P010,External_HDD,Storage,S001,29,20,45,5,28000,15,1,24
2026-01-10,P010,External_HDD,Storage,S002,49,10,25,6,28000,0,0,12
2026-01-11,P010,External_HDD,Storage,S003,34,16,35,5,28000,5,1,19
2026-01-12,P010,External_HDD,Storage,S004,61,9,20,7,28000,0,0,11
2026-01-13,P010,External_HDD,Storage,S001,27,21,45,5,28000,10,1,25
2026-01-14,P010,External_HDD,Storage,S002,45,14,30,6,28000,5,1,17
2026-01-15,P010,External_HDD,Storage,S003,58,8,20,5,28000,0,0,10
2026-01-16,P010,External_HDD,Storage,S004,33,19,40,7,28000,15,1,23
2026-01-17,P010,External_HDD,Storage,S001,47,12,25,5,28000,5,1,15
2026-01-18,P010,External_HDD,Storage,S002,25,22,50,6,28000,10,1,27
2026-01-19,P010,External_HDD,Storage,S003,63,9,20,5,28000,0,0,11
2026-01-20,P010,External_HDD,Storage,S004,40,17,35,7,28000,5,1,20
2026-01-21,P001,Laptop,Electronics,S003,100,10,32,6,250000,15,1,14
2026-01-21,P002,Keyboard,Accessories,S004,106,32,41,6,7500,5,1,38
2026-01-21,P003,Mouse,Accessories,S001,20,29,43,2,3500,0,0,31
2026-01-21,P004,Monitor,Electronics,S002,49,4,23,7,65000,0,0,4
2026-01-21,P005,Printer,Office_Equipment,S003,59,18,42,7,55000,5,1,22
2026-01-21,P006,Headset,Accessories,S004,74,23,34,6,12000,10,1,28
2026-01-21,P007,Webcam,Accessories,S001,97,11,27,4,18000,15,1,15
2026-01-21,P008,Router,Networking,S002,109,21,42,6,14500,5,1,26
2026-01-21,P009,USB_Drive,Storage,S003,16,31,39,4,4500,0,0,33
2026-01-21,P010,External_HDD,Storage,S004,45,7,20,7,28000,0,0,8
2026-01-22,P001,Laptop,Electronics,S004,110,17,42,7,250000,5,1,22
2026-01-22,P002,Keyboard,Accessories,S001,21,18,30,3,7500,0,0,20
2026-01-22,P003,Mouse,Accessories,S002,38,19,36,3,3500,0,0,21
2026-01-22,P004,Monitor,Electronics,S003,57,15,37,8,65000,5,1,20
2026-01-22,P005,Printer,Office_Equipment,S004,77,8,17,8,55000,10,1,12
2026-01-22,P006,Headset,Accessories,S001,83,30,44,3,12000,15,1,36
2026-01-22,P007,Webcam,Accessories,S002,106,18,37,5,18000,5,1,23
2026-01-22,P008,Router,Networking,S003,24,7,31,7,14500,0,0,8
2026-01-22,P009,USB_Drive,Storage,S004,25,38,49,5,4500,0,0,42
2026-01-22,P010,External_HDD,Storage,S001,52,18,34,4,28000,5,1,23
2026-01-23,P001,Laptop,Electronics,S001,25,3,13,4,250000,0,0,3
2026-01-23,P002,Keyboard,Accessories,S002,31,25,40,4,7500,0,0,29
2026-01-23,P003,Mouse,Accessories,S003,45,30,50,4,3500,5,1,37
2026-01-23,P004,Monitor,Electronics,S004,75,5,30,9,65000,10,1,9
2026-01-23,P005,Printer,Office_Equipment,S001,87,15,27,5,55000,15,1,20
2026-01-23,P006,Headset,Accessories,S002,101,20,37,4,12000,5,1,26
2026-01-23,P007,Webcam,Accessories,S003,126,4,26,6,18000,0,0,5
2026-01-23,P008,Router,Networking,S004,33,14,23,8,14500,0,0,16
2026-01-23,P009,USB_Drive,Storage,S001,41,32,46,2,4500,5,1,39
2026-01-23,P010,External_HDD,Storage,S002,62,25,44,5,28000,10,1,32
2026-01-24,P001,Laptop,Electronics,S002,33,13,26,5,250000,0,0,15
2026-01-24,P002,Keyboard,Accessories,S003,45,22,40,5,7500,5,1,29
2026-01-24,P003,Mouse,Accessories,S004,53,40,63,5,3500,10,1,50
2026-01-24,P004,Monitor,Electronics,S001,83,15,25,6,65000,15,1,21
2026-01-24,P005,Printer,Office_Equipment,S002,103,8,23,6,55000,5,1,12
2026-01-24,P006,Headset,Accessories,S003,111,26,46,5,12000,0,0,30
2026-01-24,P007,Webcam,Accessories,S004,29,14,39,7,18000,0,0,16
2026-01-24,P008,Router,Networking,S001,48,11,23,5,14500,5,1,16
2026-01-24,P009,USB_Drive,Storage,S002,49,42,59,3,4500,10,1,52
2026-01-24,P010,External_HDD,Storage,S003,78,18,40,6,28000,15,1,24
2026-01-25,P001,Laptop,Electronics,S003,40,24,40,6,250000,5,1,28
2026-01-25,P002,Keyboard,Accessories,S004,55,29,50,6,7500,10,1,33
2026-01-25,P003,Mouse,Accessories,S001,71,30,38,2,3500,15,1,34
2026-01-25,P004,Monitor,Electronics,S002,92,22,35,7,65000,5,1,26
2026-01-25,P005,Printer,Office_Equipment,S003,115,11,29,7,55000,0,0,12
2026-01-25,P006,Headset,Accessories,S004,24,16,39,6,12000,0,0,17
2026-01-25,P007,Webcam,Accessories,S001,37,25,35,4,18000,5,1,29
2026-01-25,P008,Router,Networking,S002,57,18,33,6,14500,10,1,22
2026-01-25,P009,USB_Drive,Storage,S003,67,32,52,4,4500,15,1,37
2026-01-25,P010,External_HDD,Storage,S004,88,25,50,7,28000,5,1,29
2026-01-26,P001,Laptop,Electronics,S004,60,11,30,7,250000,10,1,15
2026-01-26,P002,Keyboard,Accessories,S001,74,16,40,3,7500,15,1,20
2026-01-26,P003,Mouse,Accessories,S002,82,34,45,3,3500,5,1,40
2026-01-26,P004,Monitor,Electronics,S003,114,5,21,8,65000,0,0,5
2026-01-26,P005,Printer,Office_Equipment,S004,21,15,36,8,55000,0,0,16
2026-01-26,P006,Headset,Accessories,S001,33,24,32,3,12000,5,1,29
2026-01-26,P007,Webcam,Accessories,S002,56,12,25,5,18000,10,1,16
2026-01-26,P008,Router,Networking,S003,68,22,40,7,14500,15,1,27
2026-01-26,P009,USB_Drive,Storage,S004,78,36,59,5,4500,5,1,42
2026-01-26,P010,External_HDD,Storage,S001,109,8,18,4,28000,0,0,9
2026-01-27,P001,Laptop,Electronics,S001,69,18,40,4,250000,15,1,23
2026-01-27,P002,Keyboard,Accessories,S002,84,23,32,4,7500,5,1,29
2026-01-27,P003,Mouse,Accessories,S003,102,20,34,4,3500,0,0,22
2026-01-27,P004,Monitor,Electronics,S004,123,12,31,9,65000,0,0,13
2026-01-27,P005,Printer,Office_Equipment,S001,37,9,33,5,55000,5,1,13
2026-01-27,P006,Headset,Accessories,S002,51,14,25,4,12000,10,1,19
2026-01-27,P007,Webcam,Accessories,S003,66,19,35,6,18000,15,1,24
2026-01-27,P008,Router,Networking,S004,86,12,33,8,14500,5,1,16
2026-01-27,P009,USB_Drive,Storage,S001,90,39,47,2,4500,0,0,43
2026-01-27,P010,External_HDD,Storage,S002,119,15,28,5,28000,0,0,17
2026-01-28,P001,Laptop,Electronics,S002,87,8,33,5,250000,5,1,12
2026-01-28,P002,Keyboard,Accessories,S003,95,26,38,5,7500,0,0,30
2026-01-28,P003,Mouse,Accessories,S004,112,27,44,5,3500,0,0,31
2026-01-28,P004,Monitor,Electronics,S001,34,6,28,6,65000,5,1,10
2026-01-28,P005,Printer,Office_Equipment,S002,46,16,25,6,55000,10,1,21
2026-01-28,P006,Headset,Accessories,S003,61,21,35,5,12000,15,1,27
2026-01-28,P007,Webcam,Accessories,S004,84,9,28,7,18000,5,1,13
2026-01-28,P008,Router,Networking,S001,98,15,39,5,14500,0,0,17
2026-01-28,P009,USB_Drive,Storage,S002,108,29,40,3,4500,0,0,33
2026-01-28,P010,External_HDD,Storage,S003,30,9,25,6,28000,5,1,13
2026-01-29,P001,Laptop,Electronics,S003,99,11,21,6,250000,0,0,13
2026-01-29,P002,Keyboard,Accessories,S004,113,16,31,6,7500,0,0,19
2026-01-29,P003,Mouse,Accessories,S001,14,38,58,2,3500,5,1,47
2026-01-29,P004,Monitor,Electronics,S002,44,13,38,7,65000,10,1,18
2026-01-29,P005,Printer,Office_Equipment,S003,64,6,18,7,55000,15,1,10
2026-01-29,P006,Headset,Accessories,S004,70,28,45,6,12000,5,1,36
2026-01-29,P007,Webcam,Accessories,S001,95,12,34,4,18000,0,0,14
2026-01-29,P008,Router,Networking,S002,116,5,14,6,14500,0,0,6
2026-01-29,P009,USB_Drive,Storage,S003,10,40,54,4,4500,5,1,50
2026-01-29,P010,External_HDD,Storage,S004,39,16,35,7,28000,10,1,22
2026-01-30,P001,Laptop,Electronics,S004,117,1,14,7,250000,0,0,2
2026-01-30,P002,Keyboard,Accessories,S001,16,27,45,3,7500,5,1,31
2026-01-30,P003,Mouse,Accessories,S002,32,28,51,3,3500,10,1,32
2026-01-30,P004,Monitor,Electronics,S003,53,20,30,8,65000,15,1,24
2026-01-30,P005,Printer,Office_Equipment,S004,74,13,28,8,55000,5,1,17
2026-01-30,P006,Headset,Accessories,S001,90,14,34,3,12000,0,0,15
2026-01-30,P007,Webcam,Accessories,S002,105,19,44,5,18000,0,0,20
2026-01-30,P008,Router,Networking,S003,18,16,28,7,14500,5,1,20
2026-01-30,P009,USB_Drive,Storage,S004,28,30,47,5,4500,10,1,34
2026-01-30,P010,External_HDD,Storage,S001,49,23,45,4,28000,15,1,27
2026-01-31,P001,Laptop,Electronics,S001,18,15,31,4,250000,5,1,19
2026-01-31,P002,Keyboard,Accessories,S002,32,20,41,4,7500,10,1,25
2026-01-31,P003,Mouse,Accessories,S003,40,38,46,4,3500,15,1,44
2026-01-31,P004,Monitor,Electronics,S004,70,13,26,9,65000,5,1,17
2026-01-31,P005,Printer,Office_Equipment,S001,92,2,20,5,55000,0,0,2
2026-01-31,P006,Headset,Accessories,S002,98,24,47,4,12000,0,0,26
2026-01-31,P007,Webcam,Accessories,S003,119,16,26,6,18000,5,1,20
2026-01-31,P008,Router,Networking,S004,26,26,41,8,14500,10,1,31
2026-01-31,P009,USB_Drive,Storage,S001,36,40,60,2,4500,15,1,46
2026-01-31,P010,External_HDD,Storage,S002,65,16,41,5,28000,5,1,20
2026-02-01,P001,Laptop,Electronics,S002,27,22,41,5,250000,10,1,27
2026-02-01,P002,Keyboard,Accessories,S003,42,27,51,5,7500,15,1,33
2026-02-01,P003,Mouse,Accessories,S004,58,28,39,5,3500,5,1,34
2026-02-01,P004,Monitor,Electronics,S001,81,16,32,6,65000,0,0,18
2026-02-01,P005,Printer,Office_Equipment,S002,102,9,30,6,55000,0,0,10
2026-02-01,P006,Headset,Accessories,S003,114,18,26,5,12000,5,1,23
2026-02-01,P007,Webcam,Accessories,S004,24,23,36,7,18000,10,1,29
2026-02-01,P008,Router,Networking,S001,44,16,34,5,14500,15,1,21
2026-02-01,P009,USB_Drive,Storage,S002,54,30,53,3,4500,5,1,36
2026-02-01,P010,External_HDD,Storage,S003,77,19,29,6,28000,0,0,21
2026-02-02,P001,Laptop,Electronics,S003,47,9,31,6,250000,15,1,13
2026-02-02,P002,Keyboard,Accessories,S004,53,31,40,6,7500,5,1,38
2026-02-02,P003,Mouse,Accessories,S001,71,28,42,2,3500,0,0,32
2026-02-02,P004,Monitor,Electronics,S002,101,3,22,7,65000,0,0,3
2026-02-02,P005,Printer,Office_Equipment,S003,111,17,41,7,55000,5,1,22
2026-02-02,P006,Headset,Accessories,S004,20,22,33,6,12000,10,1,28
2026-02-02,P007,Webcam,Accessories,S001,43,10,26,4,18000,15,1,14
2026-02-02,P008,Router,Networking,S002,55,20,41,6,14500,5,1,26
2026-02-02,P009,USB_Drive,Storage,S003,67,30,38,4,4500,0,0,34
2026-02-02,P010,External_HDD,Storage,S004,96,6,19,7,28000,0,0,7
2026-02-03,P001,Laptop,Electronics,S004,56,16,41,7,250000,5,1,22
2026-02-03,P002,Keyboard,Accessories,S001,73,17,29,3,7500,0,0,20
2026-02-03,P003,Mouse,Accessories,S002,81,35,52,3,3500,0,0,41
2026-02-03,P004,Monitor,Electronics,S003,108,14,36,8,65000,5,1,19
2026-02-03,P005,Printer,Office_Equipment,S004,24,7,16,8,55000,10,1,11
2026-02-03,P006,Headset,Accessories,S001,30,29,43,3,12000,15,1,37
2026-02-03,P007,Webcam,Accessories,S002,53,17,36,5,18000,5,1,23
2026-02-03,P008,Router,Networking,S003,75,6,30,7,14500,0,0,7
2026-02-03,P009,USB_Drive,Storage,S004,77,37,48,5,4500,0,0,43
2026-02-03,P010,External_HDD,Storage,S001,104,17,33,4,28000,5,1,23
2026-02-04,P001,Laptop,Electronics,S001,76,2,12,4,250000,0,0,2
2026-02-04,P002,Keyboard,Accessories,S002,82,24,39,4,7500,0,0,25
2026-02-04,P003,Mouse,Accessories,S003,97,29,49,4,3500,5,1,33
2026-02-04,P004,Monitor,Electronics,S004,126,4,29,9,65000,10,1,7
2026-02-04,P005,Printer,Office_Equipment,S001,33,14,26,5,55000,15,1,18
2026-02-04,P006,Headset,Accessories,S002,48,19,36,4,12000,5,1,23
2026-02-04,P007,Webcam,Accessories,S003,64,20,42,6,18000,0,0,21
2026-02-04,P008,Router,Networking,S004,85,13,22,8,14500,0,0,14
2026-02-04,P009,USB_Drive,Storage,S001,93,31,45,2,4500,5,1,36
2026-02-04,P010,External_HDD,Storage,S002,113,24,43,5,28000,10,1,28
2026-02-05,P001,Laptop,Electronics,S002,86,9,22,5,250000,0,0,10
2026-02-05,P002,Keyboard,Accessories,S003,98,18,36,5,7500,5,1,22
2026-02-05,P003,Mouse,Accessories,S004,106,36,59,5,3500,10,1,42
2026-02-05,P004,Monitor,Electronics,S001,31,11,21,6,65000,15,1,15
2026-02-05,P005,Printer,Office_Equipment,S002,51,4,19,6,55000,5,1,7
2026-02-05,P006,Headset,Accessories,S003,59,22,42,5,12000,0,0,24
2026-02-05,P007,Webcam,Accessories,S004,82,10,35,7,18000,0,0,11
2026-02-05,P008,Router,Networking,S001,101,7,19,5,14500,5,1,11
2026-02-05,P009,USB_Drive,Storage,S002,102,38,55,3,4500,10,1,44
2026-02-05,P010,External_HDD,Storage,S003,26,14,36,6,28000,15,1,18
2026-02-06,P001,Laptop,Electronics,S003,93,20,36,6,250000,5,1,25
2026-02-06,P002,Keyboard,Accessories,S004,108,25,46,6,7500,10,1,31
2026-02-06,P003,Mouse,Accessories,S001,19,26,34,2,3500,15,1,32
2026-02-06,P004,Monitor,Electronics,S002,40,18,31,7,65000,5,1,23
2026-02-06,P005,Printer,Office_Equipment,S003,63,7,25,7,55000,0,0,8
2026-02-06,P006,Headset,Accessories,S004,77,12,35,6,12000,0,0,13
2026-02-06,P007,Webcam,Accessories,S001,90,21,31,4,18000,5,1,26
2026-02-06,P008,Router,Networking,S002,110,14,29,6,14500,10,1,19
2026-02-06,P009,USB_Drive,Storage,S003,15,28,48,4,4500,15,1,34
2026-02-06,P010,External_HDD,Storage,S004,36,21,46,7,28000,5,1,26
2026-02-07,P001,Laptop,Electronics,S004,110,13,32,7,250000,10,1,18
2026-02-07,P002,Keyboard,Accessories,S001,11,35,59,3,7500,15,1,43
2026-02-07,P003,Mouse,Accessories,S002,27,36,47,3,3500,5,1,44
2026-02-07,P004,Monitor,Electronics,S003,59,7,23,8,65000,0,0,8
2026-02-07,P005,Printer,Office_Equipment,S004,71,17,38,8,55000,0,0,19
2026-02-07,P006,Headset,Accessories,S001,83,26,34,3,12000,5,1,33
2026-02-07,P007,Webcam,Accessories,S002,106,14,27,5,18000,10,1,19
2026-02-07,P008,Router,Networking,S003,13,24,42,7,14500,15,1,30
2026-02-07,P009,USB_Drive,Storage,S004,23,38,61,5,4500,5,1,46
2026-02-07,P010,External_HDD,Storage,S001,54,10,20,4,28000,0,0,11
2026-02-08,P001,Laptop,Electronics,S001,119,20,42,4,250000,15,1,26
2026-02-08,P002,Keyboard,Accessories,S002,29,25,34,4,7500,5,1,32
2026-02-08,P003,Mouse,Accessories,S003,47,22,36,4,3500,0,0,26
2026-02-08,P004,Monitor,Electronics,S004,68,14,33,9,65000,0,0,16
2026-02-08,P005,Printer,Office_Equipment,S001,87,11,35,5,55000,5,1,16
2026-02-08,P006,Headset,Accessories,S002,93,33,44,4,12000,10,1,42
2026-02-08,P007,Webcam,Accessories,S003,116,21,37,6,18000,15,1,28
2026-02-08,P008,Router,Networking,S004,31,14,35,8,14500,5,1,19
2026-02-08,P009,USB_Drive,Storage,S001,35,41,49,2,4500,0,0,48
2026-02-08,P010,External_HDD,Storage,S002,64,17,30,5,28000,0,0,20
2026-02-09,P001,Laptop,Electronics,S002,34,7,32,5,250000,5,1,10
2026-02-09,P002,Keyboard,Accessories,S003,42,25,37,5,7500,0,0,26
2026-02-09,P003,Mouse,Accessories,S004,58,26,43,5,3500,0,0,27
2026-02-09,P004,Monitor,Electronics,S001,86,5,27,6,65000,5,1,8
2026-02-09,P005,Printer,Office_Equipment,S002,98,15,24,6,55000,10,1,19
2026-02-09,P006,Headset,Accessories,S003,112,20,34,5,12000,15,1,24
2026-02-09,P007,Webcam,Accessories,S004,30,8,27,7,18000,5,1,11
2026-02-09,P008,Router,Networking,S001,44,14,38,5,14500,0,0,15
2026-02-09,P009,USB_Drive,Storage,S002,54,28,39,3,4500,0,0,29
2026-02-09,P010,External_HDD,Storage,S003,73,25,41,6,28000,5,1,29
2026-02-10,P001,Laptop,Electronics,S003,45,10,20,6,250000,0,0,11
2026-02-10,P002,Keyboard,Accessories,S004,60,15,30,6,7500,0,0,16
2026-02-10,P003,Mouse,Accessories,S001,66,37,57,2,3500,5,1,43
2026-02-10,P004,Monitor,Electronics,S002,95,12,37,7,65000,10,1,16
2026-02-10,P005,Printer,Office_Equipment,S003,116,5,17,7,55000,15,1,8
2026-02-10,P006,Headset,Accessories,S004,17,27,44,6,12000,5,1,32
2026-02-10,P007,Webcam,Accessories,S001,42,11,33,4,18000,0,0,12
2026-02-10,P008,Router,Networking,S002,62,4,13,6,14500,0,0,4
2026-02-10,P009,USB_Drive,Storage,S003,62,39,53,4,4500,5,1,45
2026-02-10,P010,External_HDD,Storage,S004,91,15,34,7,28000,10,1,19
2026-02-11,P001,Laptop,Electronics,S004,55,17,30,7,250000,0,0,19
2026-02-11,P002,Keyboard,Accessories,S001,67,26,44,3,7500,5,1,32
2026-02-11,P003,Mouse,Accessories,S002,84,27,50,3,3500,10,1,33
2026-02-11,P004,Monitor,Electronics,S003,105,19,29,8,65000,15,1,24
2026-02-11,P005,Printer,Office_Equipment,S004,20,12,27,8,55000,5,1,16
2026-02-11,P006,Headset,Accessories,S001,37,13,33,3,12000,0,0,14
2026-02-11,P007,Webcam,Accessories,S002,51,18,43,5,18000,0,0,20
2026-02-11,P008,Router,Networking,S003,70,15,27,7,14500,5,1,20
2026-02-11,P009,USB_Drive,Storage,S004,80,29,46,5,4500,10,1,35
2026-02-11,P010,External_HDD,Storage,S001,100,22,44,4,28000,15,1,27
2026-02-12,P001,Laptop,Electronics,S001,71,11,27,4,250000,5,1,16
2026-02-12,P002,Keyboard,Accessories,S002,85,16,37,4,7500,10,1,21
2026-02-12,P003,Mouse,Accessories,S003,93,34,42,4,3500,15,1,42
2026-02-12,P004,Monitor,Electronics,S004,123,9,22,9,65000,5,1,13
2026-02-12,P005,Printer,Office_Equipment,S001,32,15,33,5,55000,0,0,17
2026-02-12,P006,Headset,Accessories,S002,46,20,43,4,12000,0,0,23
2026-02-12,P007,Webcam,Accessories,S003,67,12,22,6,18000,5,1,17
2026-02-12,P008,Router,Networking,S004,79,22,37,8,14500,10,1,28
2026-02-12,P009,USB_Drive,Storage,S001,89,36,56,2,4500,15,1,44
2026-02-12,P010,External_HDD,Storage,S002,118,12,37,5,28000,5,1,17
2026-02-13,P001,Laptop,Electronics,S002,80,18,37,5,250000,10,1,24
2026-02-13,P002,Keyboard,Accessories,S003,95,23,47,5,7500,15,1,30
2026-02-13,P003,Mouse,Accessories,S004,111,24,35,5,3500,5,1,31
2026-02-13,P004,Monitor,Electronics,S001,29,12,28,6,65000,0,0,14
2026-02-13,P005,Printer,Office_Equipment,S002,50,5,26,6,55000,0,0,6
2026-02-13,P006,Headset,Accessories,S003,62,14,22,5,12000,5,1,19
2026-02-13,P007,Webcam,Accessories,S004,77,19,32,7,18000,10,1,25
2026-02-13,P008,Router,Networking,S001,97,12,30,5,14500,15,1,17
2026-02-13,P009,USB_Drive,Storage,S002,99,43,66,3,4500,5,1,53
2026-02-13,P010,External_HDD,Storage,S003,25,15,25,6,28000,0,0,18
2026-02-14,P001,Laptop,Electronics,S003,97,11,33,6,250000,15,1,15
2026-02-14,P002,Keyboard,Accessories,S004,103,33,42,6,7500,5,1,38
2026-02-14,P003,Mouse,Accessories,S001,16,30,44,2,3500,0,0,32
2026-02-14,P004,Monitor,Electronics,S002,46,5,24,7,65000,0,0,5
2026-02-14,P005,Printer,Office_Equipment,S003,56,19,43,7,55000,5,1,23
2026-02-14,P006,Headset,Accessories,S004,70,24,35,6,12000,10,1,28
2026-02-14,P007,Webcam,Accessories,S001,93,12,28,4,18000,15,1,16
2026-02-14,P008,Router,Networking,S002,105,22,43,6,14500,5,1,26
2026-02-14,P009,USB_Drive,Storage,S003,12,32,40,4,4500,0,0,34
2026-02-14,P010,External_HDD,Storage,S004,41,8,21,7,28000,0,0,8
2026-02-15,P001,Laptop,Electronics,S004,106,18,43,7,250000,5,1,22
2026-02-15,P002,Keyboard,Accessories,S001,18,19,31,3,7500,0,0,21
2026-02-15,P003,Mouse,Accessories,S002,26,37,54,3,3500,0,0,40
2026-02-15,P004,Monitor,Electronics,S003,53,16,38,8,65000,5,1,20
2026-02-15,P005,Printer,Office_Equipment,S004,74,9,18,8,55000,10,1,13
2026-02-15,P006,Headset,Accessories,S001,80,31,45,3,12000,15,1,36
2026-02-15,P007,Webcam,Accessories,S002,103,19,38,5,18000,5,1,24
2026-02-15,P008,Router,Networking,S003,125,8,32,7,14500,0,0,9
2026-02-15,P009,USB_Drive,Storage,S004,22,39,50,5,4500,0,0,42
2026-02-15,P010,External_HDD,Storage,S001,49,19,35,4,28000,5,1,24
2026-02-16,P001,Laptop,Electronics,S001,128,1,11,4,250000,0,0,2
2026-02-16,P002,Keyboard,Accessories,S002,29,23,38,4,7500,0,0,26
2026-02-16,P003,Mouse,Accessories,S003,43,28,48,4,3500,5,1,34
2026-02-16,P004,Monitor,Electronics,S004,64,20,45,9,65000,10,1,25
2026-02-16,P005,Printer,Office_Equipment,S001,85,13,25,5,55000,15,1,17
2026-02-16,P006,Headset,Accessories,S002,99,18,35,4,12000,5,1,23
2026-02-16,P007,Webcam,Accessories,S003,116,19,41,6,18000,0,0,21
2026-02-16,P008,Router,Networking,S004,31,12,21,8,14500,0,0,13
2026-02-16,P009,USB_Drive,Storage,S001,39,30,44,2,4500,5,1,36
2026-02-16,P010,External_HDD,Storage,S002,60,23,42,5,28000,10,1,29
2026-02-17,P001,Laptop,Electronics,S002,32,8,21,5,250000,0,0,9
2026-02-17,P002,Keyboard,Accessories,S003,45,17,35,5,7500,5,1,22
2026-02-17,P003,Mouse,Accessories,S004,53,35,58,5,3500,10,1,43
2026-02-17,P004,Monitor,Electronics,S001,82,10,20,6,65000,15,1,14
2026-02-17,P005,Printer,Office_Equipment,S002,103,3,18,6,55000,5,1,6
2026-02-17,P006,Headset,Accessories,S003,111,21,41,5,12000,0,0,24
2026-02-17,P007,Webcam,Accessories,S004,29,9,34,7,18000,0,0,10
2026-02-17,P008,Router,Networking,S001,39,23,35,5,14500,5,1,29
2026-02-17,P009,USB_Drive,Storage,S002,49,37,54,3,4500,10,1,45
2026-02-17,P010,External_HDD,Storage,S003,78,13,35,6,28000,15,1,18
2026-02-18,P001,Laptop,Electronics,S003,40,19,35,6,250000,5,1,25
2026-02-18,P002,Keyboard,Accessories,S004,54,24,45,6,7500,10,1,31
2026-02-18,P003,Mouse,Accessories,S001,71,25,33,2,3500,15,1,32
2026-02-18,P004,Monitor,Electronics,S002,92,17,30,7,65000,5,1,23
2026-02-18,P005,Printer,Office_Equipment,S003,114,6,24,7,55000,0,0,7
2026-02-18,P006,Headset,Accessories,S004,24,11,34,6,12000,0,0,13
2026-02-18,P007,Webcam,Accessories,S001,36,20,30,4,18000,5,1,26
2026-02-18,P008,Router,Networking,S002,57,13,28,6,14500,10,1,18
2026-02-18,P009,USB_Drive,Storage,S003,67,27,47,4,4500,15,1,35
2026-02-18,P010,External_HDD,Storage,S004,87,20,45,7,28000,5,1,26
2026-02-19,P001,Laptop,Electronics,S004,58,9,28,7,250000,10,1,12
2026-02-19,P002,Keyboard,Accessories,S001,64,31,55,3,7500,15,1,36
2026-02-19,P003,Mouse,Accessories,S002,80,32,43,3,3500,5,1,37
2026-02-19,P004,Monitor,Electronics,S003,112,3,19,8,65000,0,0,3
2026-02-19,P005,Printer,Office_Equipment,S004,19,13,34,8,55000,0,0,14
2026-02-19,P006,Headset,Accessories,S001,31,22,30,3,12000,5,1,26
2026-02-19,P007,Webcam,Accessories,S002,54,10,23,5,18000,10,1,14
2026-02-19,P008,Router,Networking,S003,66,20,38,7,14500,15,1,24
2026-02-19,P009,USB_Drive,Storage,S004,76,34,57,5,4500,5,1,39
2026-02-19,P010,External_HDD,Storage,S001,107,6,16,4,28000,0,0,6
2026-02-20,P001,Laptop,Electronics,S001,67,16,38,4,250000,15,1,20
2026-02-20,P002,Keyboard,Accessories,S002,82,21,30,4,7500,5,1,26
2026-02-20,P003,Mouse,Accessories,S003,92,35,49,4,3500,0,0,38
2026-02-20,P004,Monitor,Electronics,S004,121,10,29,9,65000,0,0,11
2026-02-20,P005,Printer,Office_Equipment,S001,35,7,31,5,55000,5,1,11
2026-02-20,P006,Headset,Accessories,S002,41,29,40,4,12000,10,1,34
2026-02-20,P007,Webcam,Accessories,S003,64,17,33,6,18000,15,1,21
2026-02-20,P008,Router,Networking,S004,84,10,31,8,14500,5,1,14
2026-02-20,P009,USB_Drive,Storage,S001,88,37,45,2,4500,0,0,40
2026-02-20,P010,External_HDD,Storage,S002,117,13,26,5,28000,0,0,14
2026-02-21,P001,Laptop,Electronics,S002,84,9,34,5,250000,5,1,13
2026-02-21,P002,Keyboard,Accessories,S003,92,27,39,5,7500,0,0,30
2026-02-21,P003,Mouse,Accessories,S004,108,28,45,5,3500,0,0,31
2026-02-21,P004,Monitor,Electronics,S001,31,7,29,6,65000,5,1,11
2026-02-21,P005,Printer,Office_Equipment,S002,43,17,26,6,55000,10,1,22
2026-02-21,P006,Headset,Accessories,S003,57,22,36,5,12000,15,1,27
2026-02-21,P007,Webcam,Accessories,S004,72,27,46,7,18000,5,1,33
2026-02-21,P008,Router,Networking,S001,94,16,40,5,14500,0,0,18
2026-02-21,P009,USB_Drive,Storage,S002,104,30,41,3,4500,0,0,33
2026-02-21,P010,External_HDD,Storage,S003,18,27,43,6,28000,5,1,33
2026-02-22,P001,Laptop,Electronics,S003,95,12,22,6,250000,0,0,14
2026-02-22,P002,Keyboard,Accessories,S004,110,17,32,6,7500,0,0,19
2026-02-22,P003,Mouse,Accessories,S001,11,39,59,2,3500,5,1,47
2026-02-22,P004,Monitor,Electronics,S002,40,14,39,7,65000,10,1,19
2026-02-22,P005,Printer,Office_Equipment,S003,61,7,19,7,55000,15,1,11
2026-02-22,P006,Headset,Accessories,S004,67,29,46,6,12000,5,1,36
2026-02-22,P007,Webcam,Accessories,S001,92,13,35,4,18000,0,0,15
2026-02-22,P008,Router,Networking,S002,112,6,15,6,14500,0,0,7
2026-02-22,P009,USB_Drive,Storage,S003,7,41,55,4,4500,5,1,50
2026-02-22,P010,External_HDD,Storage,S004,36,17,36,7,28000,10,1,22
2026-02-23,P001,Laptop,Electronics,S004,106,16,29,7,250000,0,0,19
2026-02-23,P002,Keyboard,Accessories,S001,14,25,43,3,7500,5,1,32
2026-02-23,P003,Mouse,Accessories,S002,30,26,49,3,3500,10,1,33
2026-02-23,P004,Monitor,Electronics,S003,51,18,28,8,65000,15,1,24
2026-02-23,P005,Printer,Office_Equipment,S004,72,11,26,8,55000,5,1,16
2026-02-23,P006,Headset,Accessories,S001,88,12,32,3,12000,0,0,14
2026-02-23,P007,Webcam,Accessories,S002,103,17,42,5,18000,0,0,20
2026-02-23,P008,Router,Networking,S003,121,14,26,7,14500,5,1,19
2026-02-23,P009,USB_Drive,Storage,S004,26,28,45,5,4500,10,1,36
2026-02-23,P010,External_HDD,Storage,S001,47,21,43,4,28000,15,1,28
2026-02-24,P001,Laptop,Electronics,S001,122,10,26,4,250000,5,1,14
2026-02-24,P002,Keyboard,Accessories,S002,23,32,53,4,7500,10,1,37
2026-02-24,P003,Mouse,Accessories,S003,40,33,41,4,3500,15,1,38
2026-02-24,P004,Monitor,Electronics,S004,69,8,21,9,65000,5,1,11
2026-02-24,P005,Printer,Office_Equipment,S001,83,14,32,5,55000,0,0,15
2026-02-24,P006,Headset,Accessories,S002,98,19,42,4,12000,0,0,20
2026-02-24,P007,Webcam,Accessories,S003,119,11,21,6,18000,5,1,15
2026-02-24,P008,Router,Networking,S004,26,21,36,8,14500,10,1,25
2026-02-24,P009,USB_Drive,Storage,S001,36,35,55,2,4500,15,1,40
2026-02-24,P010,External_HDD,Storage,S002,65,11,36,5,28000,5,1,15
2026-02-25,P001,Laptop,Electronics,S002,27,17,36,5,250000,10,1,21
2026-02-25,P002,Keyboard,Accessories,S003,41,22,46,5,7500,15,1,27
2026-02-25,P003,Mouse,Accessories,S004,58,23,34,5,3500,5,1,28
2026-02-25,P004,Monitor,Electronics,S001,81,11,27,6,65000,0,0,12
2026-02-25,P005,Printer,Office_Equipment,S002,101,4,25,6,55000,0,0,4
2026-02-25,P006,Headset,Accessories,S003,105,30,38,5,12000,5,1,35
2026-02-25,P007,Webcam,Accessories,S004,23,18,31,7,18000,10,1,22
2026-02-25,P008,Router,Networking,S001,44,11,29,5,14500,15,1,15
2026-02-25,P009,USB_Drive,Storage,S002,45,42,65,3,4500,5,1,48
2026-02-25,P010,External_HDD,Storage,S003,76,14,24,6,28000,0,0,15
2026-02-26,P001,Laptop,Electronics,S003,45,7,29,6,250000,15,1,11
2026-02-26,P002,Keyboard,Accessories,S004,51,29,38,6,7500,5,1,35
2026-02-26,P003,Mouse,Accessories,S001,69,26,40,2,3500,0,0,29
2026-02-26,P004,Monitor,Electronics,S002,99,1,20,7,65000,0,0,2
2026-02-26,P005,Printer,Office_Equipment,S003,109,15,39,7,55000,5,1,20
2026-02-26,P006,Headset,Accessories,S004,18,20,31,6,12000,10,1,25
2026-02-26,P007,Webcam,Accessories,S001,41,8,24,4,18000,15,1,12
2026-02-26,P008,Router,Networking,S002,53,18,39,6,14500,5,1,23
2026-02-26,P009,USB_Drive,Storage,S003,65,28,36,4,4500,0,0,31
2026-02-26,P010,External_HDD,Storage,S004,86,21,34,7,28000,0,0,23
2026-02-27,P001,Laptop,Electronics,S004,54,14,39,7,250000,5,1,19
2026-02-27,P002,Keyboard,Accessories,S001,71,15,27,3,7500,0,0,17
2026-02-27,P003,Mouse,Accessories,S002,79,33,50,3,3500,0,0,38
2026-02-27,P004,Monitor,Electronics,S003,106,12,34,8,65000,5,1,17
2026-02-27,P005,Printer,Office_Equipment,S004,127,5,14,8,55000,10,1,9
2026-02-27,P006,Headset,Accessories,S001,28,27,41,3,12000,15,1,34
2026-02-27,P007,Webcam,Accessories,S002,51,15,34,5,18000,5,1,20
2026-02-27,P008,Router,Networking,S003,73,4,28,7,14500,0,0,5
2026-02-27,P009,USB_Drive,Storage,S004,75,35,46,5,4500,0,0,40
2026-02-27,P010,External_HDD,Storage,S001,102,15,31,4,28000,5,1,20
2026-02-28,P001,Laptop,Electronics,S001,64,20,30,4,250000,0,0,23
2026-02-28,P002,Keyboard,Accessories,S002,79,25,40,4,7500,0,0,29
2026-02-28,P003,Mouse,Accessories,S003,93,30,50,4,3500,5,1,38
2026-02-28,P004,Monitor,Electronics,S004,114,22,47,9,65000,10,1,29
2026-02-28,P005,Printer,Office_Equipment,S001,30,15,27,5,55000,15,1,21
2026-02-28,P006,Headset,Accessories,S002,44,20,37,4,12000,5,1,26
2026-02-28,P007,Webcam,Accessories,S003,61,21,43,6,18000,0,0,25
2026-02-28,P008,Router,Networking,S004,81,14,23,8,14500,0,0,16
2026-02-28,P009,USB_Drive,Storage,S001,89,32,46,2,4500,5,1,40
2026-02-28,P010,External_HDD,Storage,S002,110,25,44,5,28000,10,1,32
2026-03-01,P001,Laptop,Electronics,S002,82,10,23,5,250000,0,0,10
2026-03-01,P002,Keyboard,Accessories,S003,95,19,37,5,7500,5,1,23
2026-03-01,P003,Mouse,Accessories,S004,103,37,60,5,3500,10,1,42
2026-03-01,P004,Monitor,Electronics,S001,27,12,22,6,65000,15,1,16
2026-03-01,P005,Printer,Office_Equipment,S002,39,22,37,6,55000,5,1,26
2026-03-01,P006,Headset,Accessories,S003,56,23,43,5,12000,0,0,24
2026-03-01,P007,Webcam,Accessories,S004,79,11,36,7,18000,0,0,12
2026-03-01,P008,Router,Networking,S001,89,25,37,5,14500,5,1,29
2026-03-01,P009,USB_Drive,Storage,S002,99,39,56,3,4500,10,1,44
2026-03-01,P010,External_HDD,Storage,S003,23,15,37,6,28000,15,1,19
2026-03-02,P001,Laptop,Electronics,S003,91,18,34,6,250000,5,1,22
2026-03-02,P002,Keyboard,Accessories,S004,106,23,44,6,7500,10,1,28
2026-03-02,P003,Mouse,Accessories,S001,17,24,32,2,3500,15,1,29
2026-03-02,P004,Monitor,Electronics,S002,38,16,29,7,65000,5,1,20
2026-03-02,P005,Printer,Office_Equipment,S003,61,5,23,7,55000,0,0,5
2026-03-02,P006,Headset,Accessories,S004,75,10,33,6,12000,0,0,11
2026-03-02,P007,Webcam,Accessories,S001,88,19,29,4,18000,5,1,24
2026-03-02,P008,Router,Networking,S002,108,12,27,6,14500,10,1,16
2026-03-02,P009,USB_Drive,Storage,S003,5,43,63,4,4500,15,1,49
2026-03-02,P010,External_HDD,Storage,S004,34,19,44,7,28000,5,1,24
2026-03-03,P001,Laptop,Electronics,S004,109,8,27,7,250000,10,1,12
2026-03-03,P002,Keyboard,Accessories,S001,10,30,54,3,7500,15,1,36
2026-03-03,P003,Mouse,Accessories,S002,27,31,42,3,3500,5,1,37
2026-03-03,P004,Monitor,Electronics,S003,58,2,18,8,65000,0,0,2
2026-03-03,P005,Printer,Office_Equipment,S004,70,12,33,8,55000,0,0,13
2026-03-03,P006,Headset,Accessories,S001,83,21,29,3,12000,5,1,26
2026-03-03,P007,Webcam,Accessories,S002,106,9,22,5,18000,10,1,13
2026-03-03,P008,Router,Networking,S003,118,19,37,7,14500,15,1,24
2026-03-03,P009,USB_Drive,Storage,S004,23,33,56,5,4500,5,1,40
2026-03-03,P010,External_HDD,Storage,S001,54,5,15,4,28000,0,0,6
2026-03-04,P001,Laptop,Electronics,S001,119,15,37,4,250000,15,1,20
2026-03-04,P002,Keyboard,Accessories,S002,28,20,29,4,7500,5,1,26
2026-03-04,P003,Mouse,Accessories,S003,38,34,48,4,3500,0,0,39
2026-03-04,P004,Monitor,Electronics,S004,68,9,28,9,65000,0,0,10
2026-03-04,P005,Printer,Office_Equipment,S001,86,6,30,5,55000,5,1,10
2026-03-04,P006,Headset,Accessories,S002,92,28,39,4,12000,10,1,35
2026-03-04,P007,Webcam,Accessories,S003,115,16,32,6,18000,15,1,21
2026-03-04,P008,Router,Networking,S004,31,9,30,8,14500,5,1,13
2026-03-04,P009,USB_Drive,Storage,S001,34,36,44,2,4500,0,0,41
2026-03-04,P010,External_HDD,Storage,S002,63,12,25,5,28000,0,0,14
2026-03-05,P001,Laptop,Electronics,S002,32,5,30,5,250000,5,1,9
2026-03-05,P002,Keyboard,Accessories,S003,40,23,35,5,7500,0,0,27
2026-03-05,P003,Mouse,Accessories,S004,56,24,41,5,3500,0,0,28
2026-03-05,P004,Monitor,Electronics,S001,75,20,42,6,65000,5,1,26
2026-03-05,P005,Printer,Office_Equipment,S002,96,13,22,6,55000,10,1,18
2026-03-05,P006,Headset,Accessories,S003,110,18,32,5,12000,15,1,24
2026-03-05,P007,Webcam,Accessories,S004,20,23,42,7,18000,5,1,30
2026-03-05,P008,Router,Networking,S001,42,12,36,5,14500,0,0,14
2026-03-05,P009,USB_Drive,Storage,S002,52,26,37,3,4500,0,0,30
2026-03-05,P010,External_HDD,Storage,S003,71,23,39,6,28000,5,1,30
2026-03-06,P001,Laptop,Electronics,S003,43,8,18,6,250000,0,0,8
2026-03-06,P002,Keyboard,Accessories,S004,58,13,28,6,7500,0,0,14
2026-03-06,P003,Mouse,Accessories,S001,64,35,55,2,3500,5,1,40
2026-03-06,P004,Monitor,Electronics,S002,93,10,35,7,65000,10,1,14
2026-03-06,P005,Printer,Office_Equipment,S003,114,3,15,7,55000,15,1,6
2026-03-06,P006,Headset,Accessories,S004,15,25,42,6,12000,5,1,29
2026-03-06,P007,Webcam,Accessories,S001,40,9,31,4,18000,0,0,9
2026-03-06,P008,Router,Networking,S002,52,19,28,6,14500,0,0,20
2026-03-06,P009,USB_Drive,Storage,S003,60,37,51,4,4500,5,1,42
2026-03-06,P010,External_HDD,Storage,S004,89,13,32,7,28000,10,1,17
2026-03-07,P001,Laptop,Electronics,S004,51,18,31,7,250000,0,0,19
2026-03-07,P002,Keyboard,Accessories,S001,64,27,45,3,7500,5,1,32
2026-03-07,P003,Mouse,Accessories,S002,80,28,51,3,3500,10,1,33
2026-03-07,P004,Monitor,Electronics,S003,101,20,30,8,65000,15,1,25
2026-03-07,P005,Printer,Office_Equipment,S004,122,13,28,8,55000,5,1,17
2026-03-07,P006,Headset,Accessories,S001,33,14,34,3,12000,0,0,15
2026-03-07,P007,Webcam,Accessories,S002,48,19,44,5,18000,0,0,21
2026-03-07,P008,Router,Networking,S003,66,16,28,7,14500,5,1,20
2026-03-07,P009,USB_Drive,Storage,S004,76,30,47,5,4500,10,1,35
2026-03-07,P010,External_HDD,Storage,S001,97,23,45,4,28000,15,1,28
2026-03-08,P001,Laptop,Electronics,S001,67,12,28,4,250000,5,1,16
2026-03-08,P002,Keyboard,Accessories,S002,73,34,55,4,7500,10,1,41
2026-03-08,P003,Mouse,Accessories,S003,90,35,43,4,3500,15,1,42
2026-03-08,P004,Monitor,Electronics,S004,119,10,23,9,65000,5,1,14
2026-03-08,P005,Printer,Office_Equipment,S001,28,16,34,5,55000,0,0,18
2026-03-08,P006,Headset,Accessories,S002,43,21,44,4,12000,0,0,23
2026-03-08,P007,Webcam,Accessories,S003,64,13,23,6,18000,5,1,17
2026-03-08,P008,Router,Networking,S004,76,23,38,8,14500,10,1,29
2026-03-08,P009,USB_Drive,Storage,S001,86,37,57,2,4500,15,1,44
2026-03-08,P010,External_HDD,Storage,S002,115,13,38,5,28000,5,1,17
2026-03-09,P001,Laptop,Electronics,S002,78,16,35,5,250000,10,1,21
2026-03-09,P002,Keyboard,Accessories,S003,93,21,45,5,7500,15,1,27
2026-03-09,P003,Mouse,Accessories,S004,101,39,50,5,3500,5,1,47
2026-03-09,P004,Monitor,Electronics,S001,27,10,26,6,65000,0,0,11
2026-03-09,P005,Printer,Office_Equipment,S002,48,3,24,6,55000,0,0,3
2026-03-09,P006,Headset,Accessories,S003,52,29,37,5,12000,5,1,36
2026-03-09,P007,Webcam,Accessories,S004,75,17,30,7,18000,10,1,22
2026-03-09,P008,Router,Networking,S001,95,10,28,5,14500,15,1,14
2026-03-09,P009,USB_Drive,Storage,S002,97,41,64,3,4500,5,1,50
2026-03-09,P010,External_HDD,Storage,S003,23,13,23,6,28000,0,0,15
2026-03-10,P001,Laptop,Electronics,S003,96,6,28,6,250000,15,1,10
2026-03-10,P002,Keyboard,Accessories,S004,102,28,37,6,7500,5,1,36
2026-03-10,P003,Mouse,Accessories,S001,16,25,39,2,3500,0,0,29
2026-03-10,P004,Monitor,Electronics,S002,45,1,20,7,65000,0,0,2
2026-03-10,P005,Printer,Office_Equipment,S003,55,14,38,7,55000,5,1,19
2026-03-10,P006,Headset,Accessories,S004,70,19,30,6,12000,10,1,25
2026-03-10,P007,Webcam,Accessories,S001,84,24,40,4,18000,15,1,31
2026-03-10,P008,Router,Networking,S002,105,17,38,6,14500,5,1,23
2026-03-10,P009,USB_Drive,Storage,S003,12,27,35,4,4500,0,0,32
2026-03-10,P010,External_HDD,Storage,S004,32,20,33,7,28000,0,0,23
2026-03-11,P001,Laptop,Electronics,S004,106,13,38,7,250000,5,1,17
2026-03-11,P002,Keyboard,Accessories,S001,122,14,26,3,7500,0,0,15
2026-03-11,P003,Mouse,Accessories,S002,25,32,49,3,3500,0,0,34
2026-03-11,P004,Monitor,Electronics,S003,53,11,33,8,65000,5,1,15
2026-03-11,P005,Printer,Office_Equipment,S004,73,4,13,8,55000,10,1,7
2026-03-11,P006,Headset,Accessories,S001,79,26,40,3,12000,15,1,30
2026-03-11,P007,Webcam,Accessories,S002,102,14,33,5,18000,5,1,18
2026-03-11,P008,Router,Networking,S003,125,3,27,7,14500,0,0,3
2026-03-11,P009,USB_Drive,Storage,S004,21,34,45,5,4500,0,0,36
2026-03-11,P010,External_HDD,Storage,S001,48,14,30,4,28000,5,1,18
2026-03-12,P001,Laptop,Electronics,S001,117,16,26,4,250000,0,0,17
2026-03-12,P002,Keyboard,Accessories,S002,27,21,36,4,7500,0,0,23
2026-03-12,P003,Mouse,Accessories,S003,41,26,46,4,3500,5,1,31
2026-03-12,P004,Monitor,Electronics,S004,62,18,43,9,65000,10,1,22
2026-03-12,P005,Printer,Office_Equipment,S001,83,11,23,5,55000,15,1,15
2026-03-12,P006,Headset,Accessories,S002,97,16,33,4,12000,5,1,20
2026-03-12,P007,Webcam,Accessories,S003,114,17,39,6,18000,0,0,18
2026-03-12,P008,Router,Networking,S004,29,10,19,8,14500,0,0,11
2026-03-12,P009,USB_Drive,Storage,S001,37,28,42,2,4500,5,1,33
2026-03-12,P010,External_HDD,Storage,S002,58,21,40,5,28000,10,1,26
2026-03-13,P001,Laptop,Electronics,S002,30,6,19,5,250000,0,0,7
2026-03-13,P002,Keyboard,Accessories,S003,34,32,50,5,7500,5,1,39
2026-03-13,P003,Mouse,Accessories,S004,51,33,56,5,3500,10,1,40
2026-03-13,P004,Monitor,Electronics,S001,80,8,18,6,65000,15,1,12
2026-03-13,P005,Printer,Office_Equipment,S002,92,18,33,6,55000,5,1,23
2026-03-13,P006,Headset,Accessories,S003,109,19,39,5,12000,0,0,21
2026-03-13,P007,Webcam,Accessories,S004,27,7,32,7,18000,0,0,8
2026-03-13,P008,Router,Networking,S001,37,21,33,5,14500,5,1,26
2026-03-13,P009,USB_Drive,Storage,S002,47,35,52,3,4500,10,1,42
2026-03-13,P010,External_HDD,Storage,S003,76,11,33,6,28000,15,1,15
2026-03-14,P001,Laptop,Electronics,S003,36,20,36,6,250000,5,1,26
2026-03-14,P002,Keyboard,Accessories,S004,51,25,46,6,7500,10,1,32
2026-03-14,P003,Mouse,Accessories,S001,67,26,34,2,3500,15,1,33
2026-03-14,P004,Monitor,Electronics,S002,88,18,31,7,65000,5,1,24
2026-03-14,P005,Printer,Office_Equipment,S003,111,7,25,7,55000,0,0,8
2026-03-14,P006,Headset,Accessories,S004,12,29,52,6,12000,0,0,33
2026-03-14,P007,Webcam,Accessories,S001,33,21,31,4,18000,5,1,27
2026-03-14,P008,Router,Networking,S002,53,14,29,6,14500,10,1,19
2026-03-14,P009,USB_Drive,Storage,S003,55,45,65,4,4500,15,1,54
2026-03-14,P010,External_HDD,Storage,S004,84,21,46,7,28000,5,1,27
2026-03-15,P001,Laptop,Electronics,S004,54,10,29,7,250000,10,1,15
2026-03-15,P002,Keyboard,Accessories,S001,60,32,56,3,7500,15,1,40
2026-03-15,P003,Mouse,Accessories,S002,77,33,44,3,3500,5,1,42
2026-03-15,P004,Monitor,Electronics,S003,108,4,20,8,65000,0,0,5
2026-03-15,P005,Printer,Office_Equipment,S004,120,14,35,8,55000,0,0,16
2026-03-15,P006,Headset,Accessories,S001,28,23,31,3,12000,5,1,30
2026-03-15,P007,Webcam,Accessories,S002,51,11,24,5,18000,10,1,16
2026-03-15,P008,Router,Networking,S003,63,21,39,7,14500,15,1,28
2026-03-15,P009,USB_Drive,Storage,S004,73,35,58,5,4500,5,1,44
2026-03-15,P010,External_HDD,Storage,S001,95,24,34,4,28000,0,0,28
2026-03-16,P001,Laptop,Electronics,S001,65,14,36,4,250000,15,1,18
2026-03-16,P002,Keyboard,Accessories,S002,80,19,28,4,7500,5,1,23
2026-03-16,P003,Mouse,Accessories,S003,90,33,47,4,3500,0,0,35
2026-03-16,P004,Monitor,Electronics,S004,119,8,27,9,65000,0,0,8
2026-03-16,P005,Printer,Office_Equipment,S001,33,5,29,5,55000,5,1,8
2026-03-16,P006,Headset,Accessories,S002,39,27,38,4,12000,10,1,31
2026-03-16,P007,Webcam,Accessories,S003,62,15,31,6,18000,15,1,19
2026-03-16,P008,Router,Networking,S004,82,8,29,8,14500,5,1,11
2026-03-16,P009,USB_Drive,Storage,S001,86,35,43,2,4500,0,0,37
2026-03-16,P010,External_HDD,Storage,S002,115,11,24,5,28000,0,0,12
